variety,stage,dap_start,dap_end,target_L_per_plant_per_stage_low,target_L_per_plant_per_stage_high,target_L_per_plant_per_day_low,target_L_per_plant_per_day_high,per_event_typical_L_per_plant_low,per_event_typical_L_per_plant_high,max_L_per_plant_per_event,source_tier,notes
IISR-Mahima,G0,-15,0,0,3,0,0.2,0,0,0.5,L3,Pre-plant bed prep water only; not counted in lifecycle
IISR-Mahima,G1,1,35,18,22,0.5,0.7,0.5,0.8,1.5,L3,Establishment; small frequent doses; sensitive to over-water at emergence
IISR-Mahima,G2,36,90,55,70,1.0,1.4,1.5,2.0,3.0,L3,Vegetative tiller and pseudostem build
IISR-Mahima,G3,91,150,90,110,1.5,2.0,2.0,2.8,4.0,L3,Peak rhizome-initiation; highest water sensitivity window
IISR-Mahima,G4,151,210,30,40,0.5,0.7,1.5,2.0,3.0,L3,Rhizome bulking; taper frequency but maintain per-event dose
IISR-Mahima,G5,211,240,3,6,0.1,0.2,0,0,0,L3,Senescence; stop irrigation 15-20 days before harvest for skin cure
IISR-Mahima,LIFECYCLE,0,240,200,250,,,,,,L3,Full-season total; use for pond capacity planning
IISR-Varada,G0,-15,0,0,3,0,0.2,0,0,0.5,L3,Same as Mahima
IISR-Varada,G1,1,35,16,20,0.5,0.6,0.5,0.7,1.4,L3,-10% vs Mahima; shorter duration variety
IISR-Varada,G2,36,90,50,63,0.9,1.3,1.4,1.8,2.7,L3,-10% vs Mahima
IISR-Varada,G3,91,150,80,100,1.4,1.8,1.8,2.5,3.6,L3,-10% vs Mahima
IISR-Varada,G4,151,210,27,36,0.5,0.6,1.4,1.8,2.7,L3,-10% vs Mahima
IISR-Varada,G5,211,240,3,5,0.1,0.2,0,0,0,L3,-10% vs Mahima
IISR-Varada,LIFECYCLE,0,240,180,225,,,,,,L3,Full-season total (Varada ~10% lower demand)
Nadia-local,G0,-15,0,0,3,0,0.2,0,0,0.5,L3,Local Kannad landrace
Nadia-local,G1,1,35,15,19,0.4,0.6,0.5,0.7,1.3,L3,-15% vs Mahima; drought-tolerant landrace
Nadia-local,G2,36,90,47,60,0.9,1.2,1.3,1.7,2.6,L3,-15% vs Mahima
Nadia-local,G3,91,150,77,94,1.3,1.7,1.7,2.4,3.4,L3,-15% vs Mahima
Nadia-local,G4,151,210,26,34,0.4,0.6,1.3,1.7,2.6,L3,-15% vs Mahima
Nadia-local,G5,211,240,3,5,0.1,0.2,0,0,0,L3,-15% vs Mahima
Nadia-local,LIFECYCLE,0,240,170,212,,,,,,L3,Full-season total (Nadia ~15% lower demand)
