product_name,active_ingredient,formulation,cib_rc_registered_for_ginger,icar_iisr_recommended,selective_or_nonselective,ginger_specific_label,label_timing_stage,label_timing_dap_window,dose_per_acre_low,dose_per_acre_high,dose_unit,phi_days,source_citation,compliance_tier,notes
Stomp,Pendimethalin 30 EC,EC,unverified,not_recommended_specifically,selective_pre_emergent,no_ginger_specific_label,pre_emergent,0_to_3,1.0,1.3,L/acre,NA,"CIB&RC label check pending — commonly used off-label in India",L4_off_label_needs_verification,"Registered for many crops but ginger-specific label needs case-by-case CIB&RC verification. Season 1 default: BLOCK until verified."
Goal,Oxyfluorfen 23.5 EC,EC,unverified,yes,selective_pre_emergent,off_label_icar_recommended,pre_emergent,1_to_3,180,200,ml/acre,NA,"ICAR-IISR recommends 500 ml/ha (~200 ml/acre) at day 2 after sowing; document explicitly warns this may NOT be CIB&RC-approved for ginger",L3_off_label_icar_recommended,"Wording from IISR PDF: 'formulations may not be included in the list of approved pesticides for ginger by CIBRC'. BLOCK by default until label verified."
Targa Super,Quizalofop ethyl 5 EC,EC,unverified,yes,selective_post_emergent_grass,off_label_icar_recommended,post_emergent,25_to_35,400,400,ml/acre,NA,"ICAR-IISR recommends 1 L/ha (~400 ml/acre) at 30 DAP; document explicitly warns not CIB&RC-verified for ginger",L3_off_label_icar_recommended,"Same disclaimer as Goal. BLOCK by default."
Roundup,Glyphosate 41 SL,SL,no,not_recommended,nonselective_systemic,no,pre_planting_only,-30_to_-7,NA,NA,ml/acre,NA,"Non-selective; will kill ginger. Registered for pre-plant knock-down in other crops.",L1_nonselective_block,"ALWAYS BLOCK for in-season ginger use. Only pre-plant knockdown permitted in a designated fallow window with explicit farmer consent."
Gramoxone,Paraquat 24 SL,SL,no,not_recommended,nonselective_contact,no,pre_planting_only,-30_to_-7,NA,NA,ml/acre,NA,"Non-selective + acutely toxic; several state bans (Kerala, Punjab). WHO Class II hazard.",L1_nonselective_block,"ALWAYS BLOCK. Do not include in any recommendation even off-label."
"2,4-D","2,4-D Amine Salt 58 SL",SL,no,not_recommended,selective_broadleaf_but_ginger_sensitive,no,not_applicable,NA,NA,NA,ml/acre,NA,"Ginger is broadleaf-sensitive to 2,4-D. Will damage crop.",L1_crop_damage_block,"ALWAYS BLOCK. Farmer confusion with maize/sugarcane recommendations."
Atrataf,Atrazine 50 WP,WP,no,not_recommended,selective_pre_emergent_maize,no,not_applicable,NA,NA,NA,g/acre,NA,"Registered for maize and sugarcane only; NOT for ginger. Groundwater contamination risk on vertisol.",L1_not_for_ginger_block,"ALWAYS BLOCK. Common farmer error to apply from maize kit."
Sencor,Metribuzin 70 WP,WP,no,not_recommended,selective_pre_and_post_emergent,no,not_applicable,NA,NA,NA,g/acre,NA,"Not registered for ginger. Potato/soybean crop.",L1_not_for_ginger_block,"ALWAYS BLOCK for ginger."
Sunstar,Ethoxysulfuron 15 WDG,WDG,no,not_recommended,selective_broadleaf,no,not_applicable,NA,NA,NA,g/acre,NA,"Rice-crop registered; not for ginger.",L1_not_for_ginger_block,"ALWAYS BLOCK."
Basagran,Bentazon 48 SL,SL,unverified,no,selective_broadleaf,no,unknown,NA,NA,NA,ml/acre,NA,"Rice/soybean crop registration; ginger label absent.",L4_off_label_needs_verification,"BLOCK by default until CIB&RC verification confirmed."
Manual/Mechanical,NA,NA,NA,yes,NA,yes,pre_and_post_emergent,0_to_150,NA,NA,NA,NA,"ICAR-IISR + AICRP-Spices + VNMKV standard practice: hand weeding + earthing up + mulching; no chemical needed",L1_recommended_practice,"DEFAULT RECOMMENDATION for Season 1. 5-6 hand weedings depending on weed intensity; earthing at 45 and 90 DAP; mulching 15 t/ha at planting."
Green Mulch Coir/Leaves,NA,NA,NA,yes,NA,yes,post_emergent_suppressor,0_to_90,15,15,tonnes/acre,NA,"AICRP-Spices Package of Practices: 15 t/ha green mulch at planting suppresses weed emergence for 60-90 days",L1_recommended_practice,"Non-chemical alternative; strongly recommended for Kannad Western Scarcity zone as also conserves soil moisture."
Green Manure Intercrop,Daincha/Sunhemp,live_crop,NA,yes,NA,yes,inter_row_alleys,0_to_45,NA,NA,NA,NA,"AICRP-Spices: green manure in interspaces suppresses weeds + adds N via legume fixation",L1_recommended_practice,"Non-chemical alternative; sow in bed alleys, incorporate at 45 DAP."
